start_time,end_time,start_time_iso,end_time_iso,project_id,num_model_requests,user_id,api_key_id,model,characters
1741046400,1741132800,2025-03-04T00:00:00+00:00,2025-03-05T00:00:00+00:00,proj_rWWnRmx3KGTV6zEBFJ783zcZ,50.0,user-M3EyYIqPZiZUWbrUDrbYUAFE,key_jSyp76xB5RvqeD9e,tts-1,6911.0
1741132800,1741219200,2025-03-05T00:00:00+00:00,2025-03-06T00:00:00+00:00,proj_rWWnRmx3KGTV6zEBFJ783zcZ,51.0,user-M3EyYIqPZiZUWbrUDrbYUAFE,key_jSyp76xB5RvqeD9e,tts-1,4560.0
1741219200,1741305600,2025-03-06T00:00:00+00:00,2025-03-07T00:00:00+00:00,proj_rWWnRmx3KGTV6zEBFJ783zcZ,185.0,user-M3EyYIqPZiZUWbrUDrbYUAFE,key_jSyp76xB5RvqeD9e,tts-1,16635.0
1741305600,1741392000,2025-03-07T00:00:00+00:00,2025-03-08T00:00:00+00:00,proj_rWWnRmx3KGTV6zEBFJ783zcZ,69.0,user-M3EyYIqPZiZUWbrUDrbYUAFE,key_jSyp76xB5RvqeD9e,tts-1,6026.0
1741392000,1741478400,2025-03-08T00:00:00+00:00,2025-03-09T00:00:00+00:00,,,,,,
1741478400,1741564800,2025-03-09T00:00:00+00:00,2025-03-10T00:00:00+00:00,,,,,,
1741564800,1741651200,2025-03-10T00:00:00+00:00,2025-03-11T00:00:00+00:00,proj_rWWnRmx3KGTV6zEBFJ783zcZ,140.0,user-M3EyYIqPZiZUWbrUDrbYUAFE,key_jSyp76xB5RvqeD9e,tts-1,12380.0
1741651200,1741737600,2025-03-11T00:00:00+00:00,2025-03-12T00:00:00+00:00,proj_rWWnRmx3KGTV6zEBFJ783zcZ,49.0,user-M3EyYIqPZiZUWbrUDrbYUAFE,key_jSyp76xB5RvqeD9e,tts-1,3833.0
1741737600,1741824000,2025-03-12T00:00:00+00:00,2025-03-13T00:00:00+00:00,,,,,,
1741824000,1741910400,2025-03-13T00:00:00+00:00,2025-03-14T00:00:00+00:00,proj_rWWnRmx3KGTV6zEBFJ783zcZ,1.0,user-M3EyYIqPZiZUWbrUDrbYUAFE,key_jSyp76xB5RvqeD9e,tts-1,18.0
1741910400,1741996800,2025-03-14T00:00:00+00:00,2025-03-15T00:00:00+00:00,proj_rWWnRmx3KGTV6zEBFJ783zcZ,166.0,user-M3EyYIqPZiZUWbrUDrbYUAFE,key_jSyp76xB5RvqeD9e,tts-1,13660.0
1741996800,1742083200,2025-03-15T00:00:00+00:00,2025-03-16T00:00:00+00:00,,,,,,
1742083200,1742169600,2025-03-16T00:00:00+00:00,2025-03-17T00:00:00+00:00,,,,,,
1742169600,1742256000,2025-03-17T00:00:00+00:00,2025-03-18T00:00:00+00:00,proj_rWWnRmx3KGTV6zEBFJ783zcZ,119.0,user-M3EyYIqPZiZUWbrUDrbYUAFE,key_jSyp76xB5RvqeD9e,tts-1,9850.0
1742256000,1742342400,2025-03-18T00:00:00+00:00,2025-03-19T00:00:00+00:00,proj_rWWnRmx3KGTV6zEBFJ783zcZ,55.0,user-M3EyYIqPZiZUWbrUDrbYUAFE,key_jSyp76xB5RvqeD9e,tts-1,5622.0
1742342400,1742428800,2025-03-19T00:00:00+00:00,2025-03-20T00:00:00+00:00,proj_rWWnRmx3KGTV6zEBFJ783zcZ,154.0,user-M3EyYIqPZiZUWbrUDrbYUAFE,key_jSyp76xB5RvqeD9e,tts-1,12956.0
1742428800,1742515200,2025-03-20T00:00:00+00:00,2025-03-21T00:00:00+00:00,proj_rWWnRmx3KGTV6zEBFJ783zcZ,36.0,user-M3EyYIqPZiZUWbrUDrbYUAFE,key_jSyp76xB5RvqeD9e,tts-1,3014.0
1742515200,1742601600,2025-03-21T00:00:00+00:00,2025-03-22T00:00:00+00:00,proj_rWWnRmx3KGTV6zEBFJ783zcZ,29.0,user-M3EyYIqPZiZUWbrUDrbYUAFE,key_jSyp76xB5RvqeD9e,tts-1,2156.0
1742601600,1742688000,2025-03-22T00:00:00+00:00,2025-03-23T00:00:00+00:00,,,,,,
1742688000,1742774400,2025-03-23T00:00:00+00:00,2025-03-24T00:00:00+00:00,,,,,,
1742774400,1742860800,2025-03-24T00:00:00+00:00,2025-03-25T00:00:00+00:00,,,,,,
1742860800,1742947200,2025-03-25T00:00:00+00:00,2025-03-26T00:00:00+00:00,,,,,,
1742947200,1743033600,2025-03-26T00:00:00+00:00,2025-03-27T00:00:00+00:00,,,,,,
1743033600,1743120000,2025-03-27T00:00:00+00:00,2025-03-28T00:00:00+00:00,proj_rWWnRmx3KGTV6zEBFJ783zcZ,16.0,user-M3EyYIqPZiZUWbrUDrbYUAFE,key_jSyp76xB5RvqeD9e,tts-1,1601.0
1743120000,1743206400,2025-03-28T00:00:00+00:00,2025-03-29T00:00:00+00:00,,,,,,
1743206400,1743292800,2025-03-29T00:00:00+00:00,2025-03-30T00:00:00+00:00,,,,,,
1743292800,1743379200,2025-03-30T00:00:00+00:00,2025-03-31T00:00:00+00:00,proj_rWWnRmx3KGTV6zEBFJ783zcZ,48.0,user-M3EyYIqPZiZUWbrUDrbYUAFE,key_jSyp76xB5RvqeD9e,tts-1,3663.0
1743379200,1743465600,2025-03-31T00:00:00+00:00,2025-04-01T00:00:00+00:00,proj_rWWnRmx3KGTV6zEBFJ783zcZ,32.0,user-M3EyYIqPZiZUWbrUDrbYUAFE,key_jSyp76xB5RvqeD9e,tts-1,3526.0
1743465600,1743552000,2025-04-01T00:00:00+00:00,2025-04-02T00:00:00+00:00,proj_rWWnRmx3KGTV6zEBFJ783zcZ,16.0,user-M3EyYIqPZiZUWbrUDrbYUAFE,key_jSyp76xB5RvqeD9e,tts-1,1098.0
1743552000,1743638400,2025-04-02T00:00:00+00:00,2025-04-03T00:00:00+00:00,,,,,,
1743638400,1743724800,2025-04-03T00:00:00+00:00,2025-04-04T00:00:00+00:00,,,,,,
