start_time,end_time,start_time_iso,end_time_iso,project_id,num_model_requests,user_id,api_key_id,model,input_tokens
1759795200,1759881600,2025-10-07T00:00:00+00:00,2025-10-08T00:00:00+00:00,proj_rWWnRmx3KGTV6zEBFJ783zcZ,70.0,user-M3EyYIqPZiZUWbrUDrbYUAFE,key_jSyp76xB5RvqeD9e,text-embedding-3-small,28129.0
1759881600,1759968000,2025-10-08T00:00:00+00:00,2025-10-09T00:00:00+00:00,proj_rWWnRmx3KGTV6zEBFJ783zcZ,109.0,user-M3EyYIqPZiZUWbrUDrbYUAFE,key_jSyp76xB5RvqeD9e,text-embedding-3-small,16062.0
1759968000,1760054400,2025-10-09T00:00:00+00:00,2025-10-10T00:00:00+00:00,proj_rWWnRmx3KGTV6zEBFJ783zcZ,136.0,user-M3EyYIqPZiZUWbrUDrbYUAFE,key_jSyp76xB5RvqeD9e,text-embedding-3-small,54472.0
1760054400,1760140800,2025-10-10T00:00:00+00:00,2025-10-11T00:00:00+00:00,proj_rWWnRmx3KGTV6zEBFJ783zcZ,206.0,user-M3EyYIqPZiZUWbrUDrbYUAFE,key_jSyp76xB5RvqeD9e,text-embedding-3-small,62347.0
1760140800,1760227200,2025-10-11T00:00:00+00:00,2025-10-12T00:00:00+00:00,,,,,,
1760227200,1760313600,2025-10-12T00:00:00+00:00,2025-10-13T00:00:00+00:00,,,,,,
1760313600,1760400000,2025-10-13T00:00:00+00:00,2025-10-14T00:00:00+00:00,proj_rWWnRmx3KGTV6zEBFJ783zcZ,542.0,user-M3EyYIqPZiZUWbrUDrbYUAFE,key_jSyp76xB5RvqeD9e,text-embedding-3-small,138197.0
1760400000,1760486400,2025-10-14T00:00:00+00:00,2025-10-15T00:00:00+00:00,proj_rWWnRmx3KGTV6zEBFJ783zcZ,972.0,user-M3EyYIqPZiZUWbrUDrbYUAFE,key_jSyp76xB5RvqeD9e,text-embedding-3-small,353911.0
1760486400,1760572800,2025-10-15T00:00:00+00:00,2025-10-16T00:00:00+00:00,proj_rWWnRmx3KGTV6zEBFJ783zcZ,181.0,user-M3EyYIqPZiZUWbrUDrbYUAFE,key_jSyp76xB5RvqeD9e,text-embedding-3-small,69108.0
1760572800,1760659200,2025-10-16T00:00:00+00:00,2025-10-17T00:00:00+00:00,proj_rWWnRmx3KGTV6zEBFJ783zcZ,3828.0,user-M3EyYIqPZiZUWbrUDrbYUAFE,key_jSyp76xB5RvqeD9e,text-embedding-3-small,1432446.0
1760659200,1760745600,2025-10-17T00:00:00+00:00,2025-10-18T00:00:00+00:00,proj_rWWnRmx3KGTV6zEBFJ783zcZ,279.0,user-M3EyYIqPZiZUWbrUDrbYUAFE,key_jSyp76xB5RvqeD9e,text-embedding-3-small,85435.0
1760745600,1760832000,2025-10-18T00:00:00+00:00,2025-10-19T00:00:00+00:00,,,,,,
1760832000,1760918400,2025-10-19T00:00:00+00:00,2025-10-20T00:00:00+00:00,,,,,,
1760918400,1761004800,2025-10-20T00:00:00+00:00,2025-10-21T00:00:00+00:00,proj_rWWnRmx3KGTV6zEBFJ783zcZ,559.0,user-M3EyYIqPZiZUWbrUDrbYUAFE,key_jSyp76xB5RvqeD9e,text-embedding-3-small,190849.0
1761004800,1761091200,2025-10-21T00:00:00+00:00,2025-10-22T00:00:00+00:00,proj_rWWnRmx3KGTV6zEBFJ783zcZ,432.0,user-M3EyYIqPZiZUWbrUDrbYUAFE,key_jSyp76xB5RvqeD9e,text-embedding-3-small,176774.0
1761091200,1761177600,2025-10-22T00:00:00+00:00,2025-10-23T00:00:00+00:00,proj_rWWnRmx3KGTV6zEBFJ783zcZ,7266.0,user-M3EyYIqPZiZUWbrUDrbYUAFE,key_jSyp76xB5RvqeD9e,text-embedding-3-small,5343568.0
1761177600,1761264000,2025-10-23T00:00:00+00:00,2025-10-24T00:00:00+00:00,proj_rWWnRmx3KGTV6zEBFJ783zcZ,5835.0,user-M3EyYIqPZiZUWbrUDrbYUAFE,key_jSyp76xB5RvqeD9e,text-embedding-3-small,2930022.0
1761264000,1761350400,2025-10-24T00:00:00+00:00,2025-10-25T00:00:00+00:00,proj_rWWnRmx3KGTV6zEBFJ783zcZ,13490.0,user-M3EyYIqPZiZUWbrUDrbYUAFE,key_jSyp76xB5RvqeD9e,text-embedding-3-small,8785120.0
1761350400,1761436800,2025-10-25T00:00:00+00:00,2025-10-26T00:00:00+00:00,,,,,,
1761436800,1761523200,2025-10-26T00:00:00+00:00,2025-10-27T00:00:00+00:00,proj_rWWnRmx3KGTV6zEBFJ783zcZ,991.0,user-M3EyYIqPZiZUWbrUDrbYUAFE,key_jSyp76xB5RvqeD9e,text-embedding-3-small,479063.0
1761523200,1761609600,2025-10-27T00:00:00+00:00,2025-10-28T00:00:00+00:00,proj_rWWnRmx3KGTV6zEBFJ783zcZ,571.0,user-M3EyYIqPZiZUWbrUDrbYUAFE,key_jSyp76xB5RvqeD9e,text-embedding-3-small,259038.0
1761609600,1761696000,2025-10-28T00:00:00+00:00,2025-10-29T00:00:00+00:00,proj_rWWnRmx3KGTV6zEBFJ783zcZ,127.0,user-M3EyYIqPZiZUWbrUDrbYUAFE,key_jSyp76xB5RvqeD9e,text-embedding-3-small,54184.0
1761696000,1761782400,2025-10-29T00:00:00+00:00,2025-10-30T00:00:00+00:00,proj_rWWnRmx3KGTV6zEBFJ783zcZ,891.0,user-M3EyYIqPZiZUWbrUDrbYUAFE,key_jSyp76xB5RvqeD9e,text-embedding-3-small,248876.0
1761782400,1761868800,2025-10-30T00:00:00+00:00,2025-10-31T00:00:00+00:00,proj_rWWnRmx3KGTV6zEBFJ783zcZ,294.0,user-M3EyYIqPZiZUWbrUDrbYUAFE,key_jSyp76xB5RvqeD9e,text-embedding-3-small,129090.0
1761868800,1761955200,2025-10-31T00:00:00+00:00,2025-11-01T00:00:00+00:00,proj_rWWnRmx3KGTV6zEBFJ783zcZ,443.0,user-M3EyYIqPZiZUWbrUDrbYUAFE,key_jSyp76xB5RvqeD9e,text-embedding-3-small,200236.0
